query_date,from_city,to_city,from_station,to_station,train_no,train_code,depart_time,arrive_time,duration,duration_hours,can_book,train_date_raw,train_location,from_station_no,to_station_no,seat_types,availability_business,availability_first_class,availability_second_class,availability_soft_sleeper,availability_hard_sleeper,availability_hard_seat,availability_no_seat,price_second_class_yuan,price_first_class_yuan,price_business_class_yuan,price_hard_seat_yuan,price_hard_sleeper_yuan,price_soft_sleeper_yuan,price_no_seat_yuan,min_ticket_price_yuan,source,source_url,query_timestamp
2026-06-20,乌鲁木齐,吐鲁番北,乌鲁木齐,吐鲁番北,9300000Z6601,Z66,07:10,08:30,01:20,1.333,Y,20260620,R1,01,02,304010W0,,,,无,3,有,有,,,,24.5,70.5,108.5,24.5,24.5,12306_queryG_and_queryTicketPrice,https://kyfw.12306.cn/otn/leftTicket/init,2026-06-10T15:21:55.384710+08:00
2026-06-20,乌鲁木齐,吐鲁番北,乌鲁木齐,吐鲁番北,930000Z51001,Z510,08:00,09:56,01:56,1.933,Y,20260620,R1,01,02,304010W0,,,,无,2,有,12,,,,24.5,70.5,108.5,24.5,24.5,12306_queryG_and_queryTicketPrice,https://kyfw.12306.cn/otn/leftTicket/init,2026-06-10T15:21:55.643413+08:00
2026-06-20,乌鲁木齐,吐鲁番北,乌鲁木齐,吐鲁番北,93000D27080J,D2708,08:20,09:14,00:54,0.9,Y,20260620,R1,01,02,O0F0W0,,,有,有,,,无,51.5,,,,,,51.5,51.5,12306_queryG_and_queryTicketPrice,https://kyfw.12306.cn/otn/leftTicket/init,2026-06-10T15:21:55.910985+08:00
2026-06-20,乌鲁木齐,吐鲁番北,乌鲁木齐,吐鲁番北,93000D271804,D2718,08:50,09:44,00:54,0.9,Y,20260620,R1,01,02,M0O0W0,,无,有,,,,无,,,,,,,,,12306_queryG_and_queryTicketPrice,https://kyfw.12306.cn/otn/leftTicket/init,2026-06-10T15:21:56.174894+08:00
2026-06-20,乌鲁木齐,吐鲁番北,乌鲁木齐,吐鲁番北,93000D88020B,D8802,09:30,10:27,00:57,0.95,Y,20260620,R1,01,02,M0O0W0,,无,有,,,,有,,,,,,,,,12306_queryG_and_queryTicketPrice,https://kyfw.12306.cn/otn/leftTicket/init,2026-06-10T15:21:56.464140+08:00
2026-06-20,乌鲁木齐,吐鲁番北,乌鲁木齐,吐鲁番北,930000T3040D,T304,09:37,11:32,01:55,1.917,Y,20260620,R1,01,02,104030W0,,,,2,有,有,无,,,,,,,,,12306_queryG_and_queryTicketPrice,https://kyfw.12306.cn/otn/leftTicket/init,2026-06-10T15:21:56.738983+08:00
2026-06-20,乌鲁木齐,吐鲁番北,乌鲁木齐,吐鲁番北,930000D57600,D576,10:13,11:07,00:54,0.9,Y,20260620,R1,01,02,M0O0W0,,无,有,,,,无,,,,,,,,,12306_queryG_and_queryTicketPrice,https://kyfw.12306.cn/otn/leftTicket/init,2026-06-10T15:21:57.022112+08:00
2026-06-20,乌鲁木齐,吐鲁番北,乌鲁木齐,吐鲁番北,93000D88040I,D8804,10:20,11:18,00:58,0.967,Y,20260620,R1,01,02,M0O0W0,,无,有,,,,有,,,,,,,,,12306_queryG_and_queryTicketPrice,https://kyfw.12306.cn/otn/leftTicket/init,2026-06-10T15:21:57.301943+08:00
2026-06-20,乌鲁木齐,吐鲁番北,乌鲁木齐,吐鲁番北,93000K97180G,K9718,10:52,12:58,02:06,2.1,Y,20260620,R1,01,02,304010W0,,,,无,有,有,无,,,,,,,,,12306_queryG_and_queryTicketPrice,https://kyfw.12306.cn/otn/leftTicket/init,2026-06-10T15:21:57.583549+08:00
2026-06-20,乌鲁木齐,吐鲁番北,乌鲁木齐,吐鲁番北,93000D27060C,D2706,11:18,12:11,00:53,0.883,Y,20260620,R1,01,02,M0O0W0,,3,有,,,,无,,,,,,,,,12306_queryG_and_queryTicketPrice,https://kyfw.12306.cn/otn/leftTicket/init,2026-06-10T15:21:57.885575+08:00
2026-06-20,乌鲁木齐,吐鲁番北,乌鲁木齐,吐鲁番北,93000D936803,D9368,11:23,12:21,00:58,0.967,Y,20260620,R1,01,02,M0O0W0,,有,有,,,,有,,,,,,,,,12306_queryG_and_queryTicketPrice,https://kyfw.12306.cn/otn/leftTicket/init,2026-06-10T15:21:58.176450+08:00
2026-06-20,乌鲁木齐,吐鲁番北,乌鲁木齐,吐鲁番北,93000T952608,T9526,11:42,13:19,01:37,1.617,Y,20260620,R1,01,03,304010W0,,,,1,有,有,无,,,,,,,,,12306_queryG_and_queryTicketPrice,https://kyfw.12306.cn/otn/leftTicket/init,2026-06-10T15:21:58.467549+08:00
2026-06-20,乌鲁木齐,吐鲁番北,乌鲁木齐南,吐鲁番北,93000T952608,T9526,11:59,13:19,01:20,1.333,Y,20260620,R1,02,03,304010W0,,,,1,有,有,无,,,,,,,,,12306_queryG_and_queryTicketPrice,https://kyfw.12306.cn/otn/leftTicket/init,2026-06-10T15:21:58.743525+08:00
2026-06-20,乌鲁木齐,吐鲁番北,乌鲁木齐,吐鲁番北,9300000Z6002,Z60,12:08,13:28,01:20,1.333,Y,20260620,R1,01,02,304010W0,,,,无,4,有,有,,,,,,,,,12306_queryG_and_queryTicketPrice,https://kyfw.12306.cn/otn/leftTicket/init,2026-06-10T15:21:59.036873+08:00
2026-06-20,乌鲁木齐,吐鲁番北,乌鲁木齐,吐鲁番北,93000D880607,D8806,12:55,13:57,01:02,1.033,Y,20260620,R1,01,03,M0O0W0,,2,有,,,,有,,,,,,,,,12306_queryG_and_queryTicketPrice,https://kyfw.12306.cn/otn/leftTicket/init,2026-06-10T15:21:59.313964+08:00
2026-06-20,乌鲁木齐,吐鲁番北,乌鲁木齐,吐鲁番北,9300000Z3801,Z38,13:24,15:15,01:51,1.85,Y,20260620,R1,01,02,304010W0,,,,4,有,有,17,,,,,,,,,12306_queryG_and_queryTicketPrice,https://kyfw.12306.cn/otn/leftTicket/init,2026-06-10T15:21:59.596499+08:00
2026-06-20,乌鲁木齐,吐鲁番北,乌鲁木齐,吐鲁番北,93000D88080D,D8808,13:50,14:44,00:54,0.9,Y,20260620,R1,01,02,M0O0W0,,有,有,,,,有,,,,,,,,,12306_queryG_and_queryTicketPrice,https://kyfw.12306.cn/otn/leftTicket/init,2026-06-10T15:21:59.883233+08:00
2026-06-20,乌鲁木齐,吐鲁番北,乌鲁木齐,吐鲁番北,93000T952009,T9520,13:56,15:23,01:27,1.45,Y,20260620,R1,01,02,104030W0,,,,无,有,有,无,,,,,,,,,12306_queryG_and_queryTicketPrice,https://kyfw.12306.cn/otn/leftTicket/init,2026-06-10T15:22:00.154359+08:00
2026-06-20,乌鲁木齐,吐鲁番北,乌鲁木齐,吐鲁番北,9300000Z7009,Z70,14:20,15:40,01:20,1.333,Y,20260620,R1,01,02,30406010W0,,,,无,无,有,有,,,,,,,,,12306_queryG_and_queryTicketPrice,https://kyfw.12306.cn/otn/leftTicket/init,2026-06-10T15:22:00.439688+08:00
2026-06-20,乌鲁木齐,吐鲁番北,乌鲁木齐,吐鲁番北,93000075560S,7556,14:56,16:38,01:42,1.7,Y,20260620,R1,01,02,304010W0,,,,无,有,有,无,,,,,,,,,12306_queryG_and_queryTicketPrice,https://kyfw.12306.cn/otn/leftTicket/init,2026-06-10T15:22:00.719478+08:00
2026-06-20,乌鲁木齐,吐鲁番北,乌鲁木齐,吐鲁番北,93000K97860I,K9786,15:50,18:17,02:27,2.45,Y,20260620,R1,01,02,3010W0,,,,,有,有,无,,,,,,,,,12306_queryG_and_queryTicketPrice,https://kyfw.12306.cn/otn/leftTicket/init,2026-06-10T15:22:01.008684+08:00
2026-06-20,乌鲁木齐,吐鲁番北,乌鲁木齐,吐鲁番北,930000Z37404,Z374,18:28,20:37,02:09,2.15,Y,20260620,R1,01,02,304010W0,,,,无,无,有,有,,,,,,,,,12306_queryG_and_queryTicketPrice,https://kyfw.12306.cn/otn/leftTicket/init,2026-06-10T15:22:01.296516+08:00
2026-06-20,乌鲁木齐,吐鲁番北,乌鲁木齐,吐鲁番北,93000D88140B,D8814,18:50,19:51,01:01,1.017,Y,20260620,R1,01,03,M0O0W0,,4,有,,,,有,,,,,,,,,12306_queryG_and_queryTicketPrice,https://kyfw.12306.cn/otn/leftTicket/init,2026-06-10T15:22:01.570801+08:00
2026-06-20,乌鲁木齐,吐鲁番北,乌鲁木齐南,吐鲁番北,93000D88140B,D8814,19:04,19:51,00:47,0.783,Y,20260620,R1,02,03,M0O0W0,,4,有,,,,有,,,,,,,,,12306_queryG_and_queryTicketPrice,https://kyfw.12306.cn/otn/leftTicket/init,2026-06-10T15:22:01.857778+08:00
2026-06-20,乌鲁木齐,吐鲁番北,乌鲁木齐,吐鲁番北,930000Z35807,Z358,19:28,21:03,01:35,1.583,Y,20260620,R1,01,02,304010W0,,,,无,有,有,8,,,,,,,,,12306_queryG_and_queryTicketPrice,https://kyfw.12306.cn/otn/leftTicket/init,2026-06-10T15:22:02.139990+08:00
2026-06-20,乌鲁木齐,吐鲁番北,乌鲁木齐,吐鲁番北,9300000Z420C,Z42,19:35,21:13,01:38,1.633,Y,20260620,R1,01,02,30604010W0,,,,无,4,有,5,,,,,,,,,12306_queryG_and_queryTicketPrice,https://kyfw.12306.cn/otn/leftTicket/init,2026-06-10T15:22:02.425321+08:00
2026-06-20,乌鲁木齐,吐鲁番北,乌鲁木齐,吐鲁番北,930000Z38203,Z382,19:42,21:23,01:41,1.683,Y,20260620,R1,01,02,304010W0,,,,有,有,有,有,,,,,,,,,12306_queryG_and_queryTicketPrice,https://kyfw.12306.cn/otn/leftTicket/init,2026-06-10T15:22:02.707627+08:00
2026-06-20,乌鲁木齐,吐鲁番北,乌鲁木齐,吐鲁番北,930000Z1060C,Z106,20:03,21:38,01:35,1.583,Y,20260620,R1,01,02,304010W0,,,,无,9,有,有,,,,,,,,,12306_queryG_and_queryTicketPrice,https://kyfw.12306.cn/otn/leftTicket/init,2026-06-10T15:22:02.995553+08:00
2026-06-20,乌鲁木齐,吐鲁番北,乌鲁木齐,吐鲁番北,930000Z3060A,Z306,20:10,21:50,01:40,1.667,Y,20260620,R1,01,02,304010W0,,,,无,2,有,无,,,,,,,,,12306_queryG_and_queryTicketPrice,https://kyfw.12306.cn/otn/leftTicket/init,2026-06-10T15:22:03.284582+08:00
2026-06-20,乌鲁木齐,吐鲁番北,乌鲁木齐,吐鲁番北,93000K97820M,K9782,20:17,21:59,01:42,1.7,Y,20260620,R1,01,02,304010W0,,,,无,有,有,无,,,,,,,,,12306_queryG_and_queryTicketPrice,https://kyfw.12306.cn/otn/leftTicket/init,2026-06-10T15:22:03.579842+08:00
2026-06-20,乌鲁木齐,吐鲁番北,乌鲁木齐,吐鲁番北,930000Z1360F,Z136,20:33,22:06,01:33,1.55,Y,20260620,R1,01,02,304010W0,,,,无,8,有,无,,,,,,,,,12306_queryG_and_queryTicketPrice,https://kyfw.12306.cn/otn/leftTicket/init,2026-06-10T15:22:03.868476+08:00
2026-06-20,乌鲁木齐,吐鲁番北,乌鲁木齐,吐鲁番北,930000Z2940C,Z294,21:07,22:50,01:43,1.717,Y,20260620,R1,01,02,30402010W0,,,,无,5,有,有,,,,,,,,,12306_queryG_and_queryTicketPrice,https://kyfw.12306.cn/otn/leftTicket/init,2026-06-10T15:22:04.156594+08:00
2026-06-20,乌鲁木齐,吐鲁番北,乌鲁木齐,吐鲁番北,930000Z1800I,Z180,21:14,23:00,01:46,1.767,Y,20260620,R1,01,02,304010W0,,,,1,无,3,无,,,,,,,,,12306_queryG_and_queryTicketPrice,https://kyfw.12306.cn/otn/leftTicket/init,2026-06-10T15:22:04.437824+08:00
2026-06-20,乌鲁木齐,吐鲁番北,乌鲁木齐,吐鲁番北,930000T1980J,T198,21:31,23:22,01:51,1.85,Y,20260620,R1,01,02,304010W0,,,,7,有,有,有,,,,24.5,70.5,108.5,24.5,24.5,12306_queryG_and_queryTicketPrice,https://kyfw.12306.cn/otn/leftTicket/init,2026-06-10T15:22:04.762583+08:00
2026-06-20,乌鲁木齐,吐鲁番北,乌鲁木齐南,吐鲁番北,930000Z36206,Z362,22:34,23:54,01:20,1.333,Y,20260620,R1,01,02,304010W0,,,,无,有,有,3,,,,,,,,,12306_queryG_and_queryTicketPrice,https://kyfw.12306.cn/otn/leftTicket/init,2026-06-10T15:22:04.992151+08:00
2026-06-20,乌鲁木齐,吐鲁番北,乌鲁木齐,吐鲁番北,930000Z59606,Z596,23:00,00:27,01:27,1.45,Y,20260620,R1,01,02,30401060W0,,,,无,6,有,无,,,,,,,,,12306_queryG_and_queryTicketPrice,https://kyfw.12306.cn/otn/leftTicket/init,2026-06-10T15:22:05.291331+08:00
2026-06-20,乌鲁木齐,库尔勒,乌鲁木齐,库尔勒,930000C80204,C802,09:00,13:00,04:00,4.0,Y,20260620,R1,01,05,O0M0W0,,无,有,,,,有,108.0,,,,,,108.0,108.0,12306_queryG_and_queryTicketPrice,https://kyfw.12306.cn/otn/leftTicket/init,2026-06-10T15:22:06.165411+08:00
2026-06-20,乌鲁木齐,库尔勒,乌鲁木齐南,库尔勒,93000C435202,C4352,09:15,13:40,04:25,4.417,Y,20260620,R1,01,05,M0O0W0,,有,有,,,,有,,187.0,,,,,187.0,187.0,12306_queryG_and_queryTicketPrice,https://kyfw.12306.cn/otn/leftTicket/init,2026-06-10T15:22:06.403864+08:00
2026-06-20,乌鲁木齐,库尔勒,乌鲁木齐,库尔勒,93000K97180G,K9718,10:52,18:02,07:10,7.167,Y,20260620,R1,01,04,304010W0,,,,无,有,有,无,,,,,,,,,12306_queryG_and_queryTicketPrice,https://kyfw.12306.cn/otn/leftTicket/init,2026-06-10T15:22:06.633609+08:00
2026-06-20,乌鲁木齐,库尔勒,乌鲁木齐,库尔勒,93000T952608,T9526,11:42,17:38,05:56,5.933,Y,20260620,R1,01,05,304010W0,,,,1,有,有,无,,,,,,,,,12306_queryG_and_queryTicketPrice,https://kyfw.12306.cn/otn/leftTicket/init,2026-06-10T15:22:06.930734+08:00
2026-06-20,乌鲁木齐,库尔勒,乌鲁木齐南,库尔勒,93000T952608,T9526,11:59,17:38,05:39,5.65,Y,20260620,R1,02,05,304010W0,,,,1,有,有,无,,,,,,,,,12306_queryG_and_queryTicketPrice,https://kyfw.12306.cn/otn/leftTicket/init,2026-06-10T15:22:07.208591+08:00
2026-06-20,乌鲁木齐,库尔勒,乌鲁木齐,库尔勒,930000C8060C,C806,12:14,16:13,03:59,3.983,Y,20260620,R1,01,05,O0M090D0W0,无,有,有,,,,有,,,,,,,,,12306_queryG_and_queryTicketPrice,https://kyfw.12306.cn/otn/leftTicket/init,2026-06-10T15:22:07.477419+08:00
2026-06-20,乌鲁木齐,库尔勒,乌鲁木齐,库尔勒,93000K97720I,K9772,12:21,18:22,06:01,6.017,Y,20260620,R1,01,04,104030W0,,,,8,有,有,无,,,,,,,,,12306_queryG_and_queryTicketPrice,https://kyfw.12306.cn/otn/leftTicket/init,2026-06-10T15:22:07.767528+08:00
2026-06-20,乌鲁木齐,库尔勒,乌鲁木齐,库尔勒,930000C81004,C810,13:18,17:02,03:44,3.733,Y,20260620,R1,01,02,O0M0W0,,有,有,,,,有,,,,,,,,,12306_queryG_and_queryTicketPrice,https://kyfw.12306.cn/otn/leftTicket/init,2026-06-10T15:22:08.044221+08:00
2026-06-20,乌鲁木齐,库尔勒,乌鲁木齐,库尔勒,93000T952009,T9520,13:56,19:33,05:37,5.617,Y,20260620,R1,01,06,104030W0,,,,无,有,有,无,,,,,,,,,12306_queryG_and_queryTicketPrice,https://kyfw.12306.cn/otn/leftTicket/init,2026-06-10T15:22:08.325554+08:00
2026-06-20,乌鲁木齐,库尔勒,乌鲁木齐,库尔勒,930000C8140L,C814,14:30,18:38,04:08,4.133,Y,20260620,R1,01,05,O0M0W0,,有,有,,,,有,,,,,,,,,12306_queryG_and_queryTicketPrice,https://kyfw.12306.cn/otn/leftTicket/init,2026-06-10T15:22:08.605671+08:00
2026-06-20,乌鲁木齐,库尔勒,乌鲁木齐,库尔勒,93000075560S,7556,14:56,23:15,08:19,8.317,Y,20260620,R1,01,07,304010W0,,,,无,有,有,无,,,,,,,,,12306_queryG_and_queryTicketPrice,https://kyfw.12306.cn/otn/leftTicket/init,2026-06-10T15:22:08.896161+08:00
2026-06-20,乌鲁木齐,库尔勒,乌鲁木齐,库尔勒,93000K97860I,K9786,15:50,23:02,07:12,7.2,Y,20260620,R1,01,05,3010W0,,,,,有,有,有,,,,,,,,,12306_queryG_and_queryTicketPrice,https://kyfw.12306.cn/otn/leftTicket/init,2026-06-10T15:22:09.212490+08:00
2026-06-20,乌鲁木齐,库尔勒,乌鲁木齐南,库尔勒,930000C87206,C872,17:20,20:47,03:27,3.45,Y,20260620,R1,01,02,O090M0W0,4,16,有,,,,有,,,,,,,,,12306_queryG_and_queryTicketPrice,https://kyfw.12306.cn/otn/leftTicket/init,2026-06-10T15:22:09.501805+08:00
2026-06-20,乌鲁木齐,库尔勒,乌鲁木齐,库尔勒,930000C81804,C818,18:17,22:30,04:13,4.217,Y,20260620,R1,01,07,O0M0W0,,有,有,,,,有,,,,,,,,,12306_queryG_and_queryTicketPrice,https://kyfw.12306.cn/otn/leftTicket/init,2026-06-10T15:22:09.792683+08:00
2026-06-20,乌鲁木齐,库尔勒,乌鲁木齐南,库尔勒,930000C81804,C818,18:30,22:30,04:00,4.0,Y,20260620,R1,02,07,O0M0W0,,有,有,,,,有,,,,,,,,,12306_queryG_and_queryTicketPrice,https://kyfw.12306.cn/otn/leftTicket/init,2026-06-10T15:22:10.084145+08:00
2026-06-20,乌鲁木齐,库尔勒,乌鲁木齐,库尔勒,93000K675604,K6756,18:50,01:04,06:14,6.233,Y,20260620,R1,01,03,3010W0,,,,,有,有,无,,,,,,,,,12306_queryG_and_queryTicketPrice,https://kyfw.12306.cn/otn/leftTicket/init,2026-06-10T15:22:10.360171+08:00
2026-06-20,乌鲁木齐,库尔勒,乌鲁木齐,库尔勒,93000K97760C,K9776,19:49,01:40,05:51,5.85,Y,20260620,R1,01,03,304010W0,,,,无,有,有,无,,,,,,,,,12306_queryG_and_queryTicketPrice,https://kyfw.12306.cn/otn/leftTicket/init,2026-06-10T15:22:10.648687+08:00
2026-06-20,乌鲁木齐,库尔勒,乌鲁木齐,库尔勒,93000K97820M,K9782,20:17,02:17,06:00,6.0,Y,20260620,R1,01,04,304010W0,,,,无,有,有,无,,,,,,,,,12306_queryG_and_queryTicketPrice,https://kyfw.12306.cn/otn/leftTicket/init,2026-06-10T15:22:10.923894+08:00
2026-06-20,乌鲁木齐,库尔勒,乌鲁木齐南,库尔勒,93000K976808,K9768,20:50,04:10,07:20,7.333,Y,20260620,R1,01,04,104030W0,,,,无,有,有,无,,,,,,,,,12306_queryG_and_queryTicketPrice,https://kyfw.12306.cn/otn/leftTicket/init,2026-06-10T15:22:11.221323+08:00
2026-06-20,乌鲁木齐,库尔勒,乌鲁木齐,库尔勒,930000581604,5816,21:21,03:23,06:02,6.033,Y,20260620,R1,01,03,304010W0,,,,6,有,有,无,,,,,,,,,12306_queryG_and_queryTicketPrice,https://kyfw.12306.cn/otn/leftTicket/init,2026-06-10T15:22:11.501368+08:00
2026-06-20,乌鲁木齐,库尔勒,乌鲁木齐南,库尔勒,930000581604,5816,21:37,03:23,05:46,5.767,Y,20260620,R1,02,03,304010W0,,,,6,有,有,无,,,,,,,,,12306_queryG_and_queryTicketPrice,https://kyfw.12306.cn/otn/leftTicket/init,2026-06-10T15:22:11.789994+08:00
2026-06-20,乌鲁木齐,库尔勒,乌鲁木齐,库尔勒,93000T951620,T9516,22:13,02:45,04:32,4.533,Y,20260620,R1,01,02,304060,,,,4,有,,,,,,,,,,,12306_queryG_and_queryTicketPrice,https://kyfw.12306.cn/otn/leftTicket/init,2026-06-10T15:22:12.077878+08:00
2026-06-20,乌鲁木齐,库尔勒,乌鲁木齐,库尔勒,93000K6726QC,K6726,22:39,05:03,06:24,6.4,Y,20260620,R1,01,05,3010W0,,,,,有,有,无,,,,,,,,,12306_queryG_and_queryTicketPrice,https://kyfw.12306.cn/otn/leftTicket/init,2026-06-10T15:22:12.356163+08:00
2026-06-20,乌鲁木齐,伊宁,乌鲁木齐,伊宁,930000C84105,C841,08:30,13:50,05:20,5.333,Y,20260620,R1,01,06,O0M0W0,,有,有,,,,有,,,,,,,,,12306_queryG_and_queryTicketPrice,https://kyfw.12306.cn/otn/leftTicket/init,2026-06-10T15:22:13.251621+08:00
2026-06-20,乌鲁木齐,伊宁,乌鲁木齐,伊宁,930000C8430I,C843,09:15,14:45,05:30,5.5,Y,20260620,R1,01,07,O0M090D0W0,无,有,有,,,,有,,,,,,,,,12306_queryG_and_queryTicketPrice,https://kyfw.12306.cn/otn/leftTicket/init,2026-06-10T15:22:13.533925+08:00
2026-06-20,乌鲁木齐,伊宁,乌鲁木齐,伊宁,93000C434702,C4347,09:39,16:40,07:01,7.017,Y,20260620,R1,01,04,O0M0W0,,有,有,,,,有,,,,,,,,,12306_queryG_and_queryTicketPrice,https://kyfw.12306.cn/otn/leftTicket/init,2026-06-10T15:22:13.811320+08:00
2026-06-20,乌鲁木齐,伊宁,乌鲁木齐,伊宁,930000C8450H,C845,10:05,15:04,04:59,4.983,Y,20260620,R1,01,06,O0M0W0,,14,有,,,,有,,,,,,,,,12306_queryG_and_queryTicketPrice,https://kyfw.12306.cn/otn/leftTicket/init,2026-06-10T15:22:14.093143+08:00
2026-06-20,乌鲁木齐,伊宁,乌鲁木齐,伊宁,93000C419515,C4195,14:30,20:15,05:45,5.75,Y,20260620,R1,01,05,90M0O0W0,6,有,有,,,,有,,,,,,,,,12306_queryG_and_queryTicketPrice,https://kyfw.12306.cn/otn/leftTicket/init,2026-06-10T15:22:14.380301+08:00
2026-06-20,乌鲁木齐,伊宁,乌鲁木齐南,伊宁,930000C84905,C849,17:05,23:02,05:57,5.95,Y,20260620,R1,01,07,O090M0W0,无,有,有,,,,有,133.0,,,,,,133.0,133.0,12306_queryG_and_queryTicketPrice,https://kyfw.12306.cn/otn/leftTicket/init,2026-06-10T15:22:14.687581+08:00
2026-06-20,乌鲁木齐,伊宁,乌鲁木齐,伊宁,930000C84704,C847,17:10,22:09,04:59,4.983,Y,20260620,R1,01,02,O090M0W0,无,有,有,,,,有,,,,,,,,,12306_queryG_and_queryTicketPrice,https://kyfw.12306.cn/otn/leftTicket/init,2026-06-10T15:22:14.920379+08:00
2026-06-20,乌鲁木齐,伊宁,乌鲁木齐,伊宁,930000C84905,C849,17:33,23:02,05:29,5.483,Y,20260620,R1,02,07,O090M0W0,无,有,有,,,,有,,,,,,,,,12306_queryG_and_queryTicketPrice,https://kyfw.12306.cn/otn/leftTicket/init,2026-06-10T15:22:15.200428+08:00
2026-06-20,乌鲁木齐,伊宁,乌鲁木齐,伊宁,93000K67010Z,K6701,19:15,06:00,10:45,10.75,Y,20260620,R1,01,05,3010W0,,,,,有,有,有,,,,81.0,144.0,,81.0,81.0,12306_queryG_and_queryTicketPrice,https://kyfw.12306.cn/otn/leftTicket/init,2026-06-10T15:22:15.512968+08:00
2026-06-20,乌鲁木齐,伊宁,乌鲁木齐南,伊宁,93000K97890I,K9789,21:20,07:21,10:01,10.017,Y,20260620,R1,01,08,104030W0,,,,无,有,有,有,,,,86.0,152.0,233.0,86.0,86.0,12306_queryG_and_queryTicketPrice,https://kyfw.12306.cn/otn/leftTicket/init,2026-06-10T15:22:15.777946+08:00
2026-06-20,乌鲁木齐,伊宁,乌鲁木齐,伊宁,93000K97890I,K9789,21:54,07:21,09:27,9.45,Y,20260620,R1,02,08,104030W0,,,,2,有,有,有,,,,,,,,,12306_queryG_and_queryTicketPrice,https://kyfw.12306.cn/otn/leftTicket/init,2026-06-10T15:22:16.009216+08:00
2026-06-20,乌鲁木齐,伊宁,乌鲁木齐,伊宁,93000Z651105,Z6511,23:04,06:51,07:47,7.783,Y,20260620,R1,01,05,304010W0,,,,17,有,有,有,,,,,,,,,12306_queryG_and_queryTicketPrice,https://kyfw.12306.cn/otn/leftTicket/init,2026-06-10T15:22:16.285607+08:00
2026-06-20,乌鲁木齐,喀什,乌鲁木齐,喀什,93000K97180G,K9718,10:52,05:32,18:40,18.667,Y,20260620,R1,01,11,304010W0,,,,12,有,有,有,,,,,,,,,12306_queryG_and_queryTicketPrice,https://kyfw.12306.cn/otn/leftTicket/init,2026-06-10T15:22:17.130891+08:00
2026-06-20,乌鲁木齐,喀什,乌鲁木齐,喀什,93000T952608,T9526,11:42,04:42,17:00,17.0,Y,20260620,R1,01,09,304010W0,,,,12,有,有,有,,,,,,,,,12306_queryG_and_queryTicketPrice,https://kyfw.12306.cn/otn/leftTicket/init,2026-06-10T15:22:17.423181+08:00
2026-06-20,乌鲁木齐,喀什,乌鲁木齐南,喀什,93000T952608,T9526,11:59,04:42,16:43,16.717,Y,20260620,R1,02,09,304010W0,,,,12,有,有,有,,,,,,,,,12306_queryG_and_queryTicketPrice,https://kyfw.12306.cn/otn/leftTicket/init,2026-06-10T15:22:17.697639+08:00
2026-06-20,乌鲁木齐,喀什,乌鲁木齐,喀什,93000K97720I,K9772,12:21,07:22,19:01,19.017,Y,20260620,R1,01,12,104030W0,,,,13,有,有,有,,,,,,,,,12306_queryG_and_queryTicketPrice,https://kyfw.12306.cn/otn/leftTicket/init,2026-06-10T15:22:17.986416+08:00
2026-06-20,乌鲁木齐,喀什,乌鲁木齐,喀什,93000T952009,T9520,13:56,06:18,16:22,16.367,Y,20260620,R1,01,12,104030W0,,,,16,有,有,有,,,,,,,,,12306_queryG_and_queryTicketPrice,https://kyfw.12306.cn/otn/leftTicket/init,2026-06-10T15:22:18.272832+08:00
2026-06-20,乌鲁木齐,喀什,乌鲁木齐,喀什,93000075560S,7556,14:56,16:52,25:56,25.933,Y,20260620,R1,01,14,304010W0,,,,14,有,有,有,,,,,,,,,12306_queryG_and_queryTicketPrice,https://kyfw.12306.cn/otn/leftTicket/init,2026-06-10T15:22:18.566288+08:00
2026-06-20,乌鲁木齐,喀什,乌鲁木齐,喀什,93000K97860I,K9786,15:50,21:19,29:29,29.483,Y,20260620,R1,01,25,3010W0,,,,,有,有,有,,,,,,,,,12306_queryG_and_queryTicketPrice,https://kyfw.12306.cn/otn/leftTicket/init,2026-06-10T15:22:18.912421+08:00
2026-06-20,乌鲁木齐,喀什,乌鲁木齐,喀什,93000K675604,K6756,18:50,14:07,19:17,19.283,Y,20260620,R1,01,06,3010W0,,,,,有,有,有,,,,,,,,,12306_queryG_and_queryTicketPrice,https://kyfw.12306.cn/otn/leftTicket/init,2026-06-10T15:22:19.185391+08:00
2026-06-20,乌鲁木齐,喀什,乌鲁木齐,喀什,93000Z651604,Z6516,20:40,08:10,11:30,11.5,Y,20260620,R1,01,02,306040,,,,有,有,,,,,,,,,,,12306_queryG_and_queryTicketPrice,https://kyfw.12306.cn/otn/leftTicket/init,2026-06-10T15:22:19.465597+08:00
2026-06-20,乌鲁木齐,喀什,乌鲁木齐南,喀什,93000K976808,K9768,20:50,14:54,18:04,18.067,Y,20260620,R1,01,10,104030W0,,,,有,有,有,有,,,,,,,,,12306_queryG_and_queryTicketPrice,https://kyfw.12306.cn/otn/leftTicket/init,2026-06-10T15:22:19.753341+08:00
2026-06-20,乌鲁木齐,喀什,乌鲁木齐,喀什,93000K6726QC,K6726,22:39,17:38,18:59,18.983,Y,20260620,R1,01,08,3010W0,,,,,有,有,有,,,,,,,,,12306_queryG_and_queryTicketPrice,https://kyfw.12306.cn/otn/leftTicket/init,2026-06-10T15:22:20.026425+08:00
2026-06-20,喀什,和田,喀什,和田,93000T952608,T9527,05:02,10:15,05:13,5.217,Y,20260619,R1,09,16,304010W0,,,,2,有,有,无,,,,,,,,,12306_queryG_and_queryTicketPrice,https://kyfw.12306.cn/otn/leftTicket/init,2026-06-10T15:22:20.944392+08:00
2026-06-20,喀什,和田,喀什,和田,93000K97180G,K9719,05:52,11:19,05:27,5.45,Y,20260619,R1,11,19,304010W0,,,,2,有,有,无,,,,,,,,,12306_queryG_and_queryTicketPrice,https://kyfw.12306.cn/otn/leftTicket/init,2026-06-10T15:22:21.224865+08:00
2026-06-20,喀什,和田,喀什,和田,94000Z653905,Z6539,09:00,12:49,03:49,3.817,Y,20260620,R1,01,03,10306040W0,,,,有,有,有,有,,,,,,,,,12306_queryG_and_queryTicketPrice,https://kyfw.12306.cn/otn/leftTicket/init,2026-06-10T15:22:21.503837+08:00
2026-06-20,喀什,和田,喀什,和田,94000K978504,K9785,09:53,15:31,05:38,5.633,Y,20260620,R1,01,09,3010W0,,,,,有,有,有,,,,,,,,,12306_queryG_and_queryTicketPrice,https://kyfw.12306.cn/otn/leftTicket/init,2026-06-10T15:22:21.784430+08:00
2026-06-20,喀什,和田,喀什,和田,94000T437907,T4379,11:10,18:50,07:40,7.667,Y,20260620,R1,01,07,3010W0,,,,,有,有,有,,,,,,,,,12306_queryG_and_queryTicketPrice,https://kyfw.12306.cn/otn/leftTicket/init,2026-06-10T15:22:22.083949+08:00
2026-06-20,喀什,和田,喀什,和田,93000K675604,K6757,14:30,22:49,08:19,8.317,Y,20260619,R1,06,11,3010W0,,,,,有,有,无,,,,,,,,,12306_queryG_and_queryTicketPrice,https://kyfw.12306.cn/otn/leftTicket/init,2026-06-10T15:22:22.370716+08:00
2026-06-20,喀什,和田,喀什,和田,93000075560S,7557,17:15,23:59,06:44,6.733,Y,20260619,R1,14,23,304010W0,,,,无,有,有,无,,,,,,,,,12306_queryG_and_queryTicketPrice,https://kyfw.12306.cn/otn/leftTicket/init,2026-06-10T15:22:22.676757+08:00
2026-06-20,喀什,和田,喀什,和田,940000K31503,K315,22:23,04:24,06:01,6.017,Y,20260620,R1,01,09,104030W0,,,,无,有,有,有,,,,,,,,,12306_queryG_and_queryTicketPrice,https://kyfw.12306.cn/otn/leftTicket/init,2026-06-10T15:22:22.961137+08:00
2026-06-20,乌鲁木齐,阿克苏,乌鲁木齐,阿克苏,93000K97180G,K9718,10:52,23:43,12:51,12.85,Y,20260620,R1,01,08,304010W0,,,,5,有,有,无,,,,,,,,,12306_queryG_and_queryTicketPrice,https://kyfw.12306.cn/otn/leftTicket/init,2026-06-10T15:22:23.816806+08:00
2026-06-20,乌鲁木齐,阿克苏,乌鲁木齐,阿克苏,93000T952608,T9526,11:42,22:46,11:04,11.067,Y,20260620,R1,01,07,304010W0,,,,5,有,有,无,,,,,,,,,12306_queryG_and_queryTicketPrice,https://kyfw.12306.cn/otn/leftTicket/init,2026-06-10T15:22:24.101026+08:00
2026-06-20,乌鲁木齐,阿克苏,乌鲁木齐南,阿克苏,93000T952608,T9526,11:59,22:46,10:47,10.783,Y,20260620,R1,02,07,304010W0,,,,5,有,有,无,,,,,,,,,12306_queryG_and_queryTicketPrice,https://kyfw.12306.cn/otn/leftTicket/init,2026-06-10T15:22:24.389364+08:00
2026-06-20,乌鲁木齐,阿克苏,乌鲁木齐,阿克苏,93000K97720I,K9772,12:21,00:12,11:51,11.85,Y,20260620,R1,01,09,104030W0,,,,11,有,有,无,,,,128.5,222.5,348.5,128.5,128.5,12306_queryG_and_queryTicketPrice,https://kyfw.12306.cn/otn/leftTicket/init,2026-06-10T15:22:24.700003+08:00
2026-06-20,乌鲁木齐,阿克苏,乌鲁木齐,阿克苏,93000T952009,T9520,13:56,01:16,11:20,11.333,Y,20260620,R1,01,10,104030W0,,,,无,无,有,有,,,,,,,,,12306_queryG_and_queryTicketPrice,https://kyfw.12306.cn/otn/leftTicket/init,2026-06-10T15:22:24.924132+08:00
2026-06-20,乌鲁木齐,阿克苏,乌鲁木齐,阿克苏,93000075560S,7556,14:56,07:36,16:40,16.667,Y,20260620,R1,01,11,304010W0,,,,7,有,有,无,,,,,,,,,12306_queryG_and_queryTicketPrice,https://kyfw.12306.cn/otn/leftTicket/init,2026-06-10T15:22:25.213267+08:00
2026-06-20,乌鲁木齐,阿克苏,乌鲁木齐,阿克苏,93000K675604,K6756,18:50,08:38,13:48,13.8,Y,20260620,R1,01,05,3010W0,,,,,有,有,无,,,,128.5,222.5,,128.5,128.5,12306_queryG_and_queryTicketPrice,https://kyfw.12306.cn/otn/leftTicket/init,2026-06-10T15:22:25.515532+08:00
2026-06-20,乌鲁木齐,阿克苏,乌鲁木齐,阿克苏,93000K97760C,K9776,19:49,08:17,12:28,12.467,Y,20260620,R1,01,07,304010W0,,,,14,有,有,有,,,,128.5,222.5,348.5,128.5,128.5,12306_queryG_and_queryTicketPrice,https://kyfw.12306.cn/otn/leftTicket/init,2026-06-10T15:22:25.775859+08:00
2026-06-20,乌鲁木齐,阿克苏,乌鲁木齐,阿克苏,93000K97820M,K9782,20:17,08:47,12:30,12.5,Y,20260620,R1,01,08,304010W0,,,,8,有,有,无,,,,,,,,,12306_queryG_and_queryTicketPrice,https://kyfw.12306.cn/otn/leftTicket/init,2026-06-10T15:22:25.998726+08:00
2026-06-20,乌鲁木齐,阿克苏,乌鲁木齐南,阿克苏,93000K976808,K9768,20:50,09:38,12:48,12.8,Y,20260620,R1,01,07,104030W0,,,,7,有,有,有,,,,,,,,,12306_queryG_and_queryTicketPrice,https://kyfw.12306.cn/otn/leftTicket/init,2026-06-10T15:22:26.291402+08:00
2026-06-20,乌鲁木齐,阿克苏,乌鲁木齐,阿克苏,93000T953601,T9536,21:48,09:04,11:16,11.267,Y,20260620,R1,01,03,304060,,,,有,有,,,,,,,,,,,12306_queryG_and_queryTicketPrice,https://kyfw.12306.cn/otn/leftTicket/init,2026-06-10T15:22:26.578329+08:00
2026-06-20,乌鲁木齐,阿克苏,乌鲁木齐,阿克苏,93000T951620,T9516,22:13,07:50,09:37,9.617,Y,20260620,R1,01,04,304060,,,,有,有,,,,,,,,,,,12306_queryG_and_queryTicketPrice,https://kyfw.12306.cn/otn/leftTicket/init,2026-06-10T15:22:26.862630+08:00
2026-06-20,乌鲁木齐,阿克苏,乌鲁木齐,阿克苏,93000K6726QC,K6726,22:39,10:42,12:03,12.05,Y,20260620,R1,01,07,3010W0,,,,,有,有,有,,,,,,,,,12306_queryG_and_queryTicketPrice,https://kyfw.12306.cn/otn/leftTicket/init,2026-06-10T15:22:27.135267+08:00
2026-06-20,阿克苏,库车,阿克苏,库车,94000T952209,T9522,01:42,03:57,02:15,2.25,Y,20260619,R1,03,05,104030W0,,,,4,有,有,20,,,,,,,,,12306_queryG_and_queryTicketPrice,https://kyfw.12306.cn/otn/leftTicket/init,2026-06-10T15:22:27.978384+08:00
2026-06-20,阿克苏,库车,阿克苏,库车,94000075580L,7558,03:05,06:10,03:05,3.083,Y,20260619,R1,13,15,304010W0,,,,1,17,有,无,,,,,,,,,12306_queryG_and_queryTicketPrice,https://kyfw.12306.cn/otn/leftTicket/init,2026-06-10T15:22:28.247855+08:00
2026-06-20,阿克苏,库车,阿克苏,库车,94000K97200Y,K9720,04:08,06:34,02:26,2.433,Y,20260619,R1,10,11,304010W0,,,,无,16,有,无,,,,,,,,,12306_queryG_and_queryTicketPrice,https://kyfw.12306.cn/otn/leftTicket/init,2026-06-10T15:22:28.552136+08:00
2026-06-20,阿克苏,库车,阿克苏,库车,94000K977008,K9770,04:45,07:04,02:19,2.317,Y,20260619,R1,02,04,104030W0,,,,无,有,有,无,,,,,,,,,12306_queryG_and_queryTicketPrice,https://kyfw.12306.cn/otn/leftTicket/init,2026-06-10T15:22:28.830992+08:00
2026-06-20,阿克苏,库车,阿克苏,库车,94000T437018,T4370,10:12,12:33,02:21,2.35,Y,20260620,R1,01,03,10W0,,,,,,有,有,,,,,,,,,12306_queryG_and_queryTicketPrice,https://kyfw.12306.cn/otn/leftTicket/init,2026-06-10T15:22:29.104896+08:00
2026-06-20,阿克苏,库车,阿克苏,库车,9400000T6201,T62,16:00,18:11,02:11,2.183,Y,20260620,R1,04,06,104030W0,,,,11,有,有,无,,,,,,,,,12306_queryG_and_queryTicketPrice,https://kyfw.12306.cn/otn/leftTicket/init,2026-06-10T15:22:29.397002+08:00
2026-06-20,阿克苏,库车,阿克苏,库车,94000K672810,K6728,20:20,22:58,02:38,2.633,Y,20260620,R1,03,04,3010W0,,,,,有,有,无,,,,,,,,,12306_queryG_and_queryTicketPrice,https://kyfw.12306.cn/otn/leftTicket/init,2026-06-10T15:22:29.688667+08:00
2026-06-20,阿克苏,库车,阿克苏,库车,940000T2700B,T270,21:16,23:35,02:19,2.317,Y,20260620,R1,03,05,104030W0,,,,3,有,有,无,,,,,,,,,12306_queryG_and_queryTicketPrice,https://kyfw.12306.cn/otn/leftTicket/init,2026-06-10T15:22:29.980229+08:00
2026-06-20,阿克苏,库车,阿克苏,库车,94000K97780D,K9778,21:40,00:01,02:21,2.35,Y,20260620,R1,02,04,304010W0,,,,4,有,有,有,,,,,,,,,12306_queryG_and_queryTicketPrice,https://kyfw.12306.cn/otn/leftTicket/init,2026-06-10T15:22:30.253977+08:00
2026-06-20,阿克苏,库车,阿克苏,库车,94000K97740G,K9774,22:11,00:59,02:48,2.8,Y,20260620,R1,04,06,104030W0,,,,无,有,有,无,,,,,,,,,12306_queryG_and_queryTicketPrice,https://kyfw.12306.cn/otn/leftTicket/init,2026-06-10T15:22:30.546209+08:00
2026-06-20,阿克苏,库车,阿克苏,库车,94000T951830,T9518,22:30,00:37,02:07,2.117,Y,20260620,R1,01,02,304060,,,,6,有,,,,,,,,,,,12306_queryG_and_queryTicketPrice,https://kyfw.12306.cn/otn/leftTicket/init,2026-06-10T15:22:30.827682+08:00
2026-06-20,阿克苏,库车,阿克苏,库车,94000K97840P,K9784,22:50,01:15,02:25,2.417,Y,20260620,R1,03,05,304010W0,,,,无,有,有,有,,,,,,,,,12306_queryG_and_queryTicketPrice,https://kyfw.12306.cn/otn/leftTicket/init,2026-06-10T15:22:31.115884+08:00
2026-06-20,阿克苏,库车,阿克苏,库车,94000K675805,K6758,23:06,02:08,03:02,3.033,Y,20260620,R1,07,08,3010W0,,,,,有,有,无,,,,,,,,,12306_queryG_and_queryTicketPrice,https://kyfw.12306.cn/otn/leftTicket/init,2026-06-10T15:22:31.394381+08:00
2026-06-20,阿克苏,库车,阿克苏,库车,94000T953802,T9538,23:30,01:37,02:07,2.117,Y,20260620,R1,01,02,304060,,,,无,有,,,,,,,,,,,12306_queryG_and_queryTicketPrice,https://kyfw.12306.cn/otn/leftTicket/init,2026-06-10T15:22:31.678537+08:00
2026-06-20,阿克苏,库车,阿克苏,库车,94000T95280I,T9528,23:51,01:56,02:05,2.083,Y,20260620,R1,11,12,304010W0,,,,无,12,有,无,,,,,,,,,12306_queryG_and_queryTicketPrice,https://kyfw.12306.cn/otn/leftTicket/init,2026-06-10T15:22:31.967034+08:00
2026-06-20,库车,库尔勒,库车,库尔勒,94000K97780D,K9778,00:05,02:50,02:45,2.75,Y,20260619,R1,04,06,304010W0,,,,1,有,有,有,,,,,,,,,12306_queryG_and_queryTicketPrice,https://kyfw.12306.cn/otn/leftTicket/init,2026-06-10T15:22:32.846349+08:00
2026-06-20,库车,库尔勒,库车,库尔勒,94000T951830,T9518,00:40,03:07,02:27,2.45,Y,20260619,R1,02,03,304060,,,,无,有,,,,,,,,,,,12306_queryG_and_queryTicketPrice,https://kyfw.12306.cn/otn/leftTicket/init,2026-06-10T15:22:33.128554+08:00
2026-06-20,库车,库尔勒,库车,库尔勒,94000K97740G,K9774,01:05,03:47,02:42,2.7,Y,20260619,R1,06,07,104030W0,,,,无,有,有,无,,,,,,,,,12306_queryG_and_queryTicketPrice,https://kyfw.12306.cn/otn/leftTicket/init,2026-06-10T15:22:33.417893+08:00
2026-06-20,库车,库尔勒,库车,库尔勒,94000K97840P,K9784,01:21,05:05,03:44,3.733,Y,20260619,R1,05,06,304010W0,,,,4,有,有,有,,,,,,,,,12306_queryG_and_queryTicketPrice,https://kyfw.12306.cn/otn/leftTicket/init,2026-06-10T15:22:33.706112+08:00
2026-06-20,库车,库尔勒,库车,库尔勒,94000T95280I,T9528,01:58,04:22,02:24,2.4,Y,20260619,R1,12,13,304010W0,,,,无,20,有,无,,,,,,,,,12306_queryG_and_queryTicketPrice,https://kyfw.12306.cn/otn/leftTicket/init,2026-06-10T15:22:33.988275+08:00
2026-06-20,库车,库尔勒,库车,库尔勒,94000K675805,K6758,02:14,05:26,03:12,3.2,Y,20260619,R1,08,09,3010W0,,,,,有,有,无,,,,,,,,,12306_queryG_and_queryTicketPrice,https://kyfw.12306.cn/otn/leftTicket/init,2026-06-10T15:22:34.277630+08:00
2026-06-20,库车,库尔勒,库车,库尔勒,94000T952209,T9522,04:03,06:30,02:27,2.45,Y,20260619,R1,05,06,104030W0,,,,无,有,有,无,,,,43.5,89.5,135.5,43.5,43.5,12306_queryG_and_queryTicketPrice,https://kyfw.12306.cn/otn/leftTicket/init,2026-06-10T15:22:34.599677+08:00
2026-06-20,库车,库尔勒,库车,库尔勒,94000075580L,7558,06:12,10:42,04:30,4.5,Y,20260619,R1,15,17,304010W0,,,,1,19,有,无,,,,,,,,,12306_queryG_and_queryTicketPrice,https://kyfw.12306.cn/otn/leftTicket/init,2026-06-10T15:22:34.826457+08:00
2026-06-20,库车,库尔勒,库车,库尔勒,94000K97200Y,K9720,06:45,09:41,02:56,2.933,Y,20260619,R1,11,14,304010W0,,,,5,有,有,无,,,,,,,,,12306_queryG_and_queryTicketPrice,https://kyfw.12306.cn/otn/leftTicket/init,2026-06-10T15:22:35.110732+08:00
2026-06-20,库车,库尔勒,库车,库尔勒,94000K977008,K9770,07:12,10:01,02:49,2.817,Y,20260619,R1,04,06,104030W0,,,,无,有,有,无,,,,,,,,,12306_queryG_and_queryTicketPrice,https://kyfw.12306.cn/otn/leftTicket/init,2026-06-10T15:22:35.396954+08:00
2026-06-20,库车,库尔勒,库车,库尔勒,94000T437018,T4370,12:37,15:22,02:45,2.75,Y,20260620,R1,03,04,10W0,,,,,,有,有,,,,43.5,,,43.5,43.5,12306_queryG_and_queryTicketPrice,https://kyfw.12306.cn/otn/leftTicket/init,2026-06-10T15:22:35.695563+08:00
2026-06-20,库车,库尔勒,库车,库尔勒,9400000T6201,T62,18:13,20:48,02:35,2.583,Y,20260620,R1,06,09,104030W0,,,,11,有,有,无,,,,43.5,89.5,135.5,43.5,43.5,12306_queryG_and_queryTicketPrice,https://kyfw.12306.cn/otn/leftTicket/init,2026-06-10T15:22:35.949851+08:00
2026-06-20,库车,库尔勒,库车,库尔勒,94000K672810,K6728,23:04,05:50,06:46,6.767,Y,20260620,R1,04,05,3010W0,,,,,有,有,无,,,,,,,,,12306_queryG_and_queryTicketPrice,https://kyfw.12306.cn/otn/leftTicket/init,2026-06-10T15:22:36.188813+08:00
2026-06-20,库车,库尔勒,库车,库尔勒,940000T2700B,T270,23:47,02:26,02:39,2.65,Y,20260620,R1,05,06,104030W0,,,,1,有,有,无,,,,,,,,,12306_queryG_and_queryTicketPrice,https://kyfw.12306.cn/otn/leftTicket/init,2026-06-10T15:22:36.469653+08:00
